e3b0c44298fc1c149afbf4c8996fb92427ae41e4649b934ca495991b7852b855	0	candidate-artisan-about.stderr.txt
d32318ba3a04094e5a1bd8e28538c5b236187dc19e905875b49c3f2420f900f9	893	candidate-artisan-about.stdout.txt
e3b0c44298fc1c149afbf4c8996fb92427ae41e4649b934ca495991b7852b855	0	candidate-artisan-up.stderr.txt
9d22a3ad7bd855df397fa6746d36585b5e1d9f4eb6688466caabc0a2fe3332cf	38	candidate-artisan-up.stdout.txt
654d7c65cf556015246db280c3492b53e34e2a7c39bf03a5a6b877d5493307ab	66659	candidate-checks.json
e3b0c44298fc1c149afbf4c8996fb92427ae41e4649b934ca495991b7852b855	0	candidate-command-list.stderr.txt
effdcc5a70952b3f0193d416552246b8971a6ff2de254be90e616aad68e7cb5c	9489	candidate-command-list.stdout.txt
33965d1cbe51abe2474d0f6841949210b8d34baf2e454fe968e2059a446890e0	1643	candidate-original-front-controller-restore-receipt.json
e3b0c44298fc1c149afbf4c8996fb92427ae41e4649b934ca495991b7852b855	0	candidate-route-list.stderr.txt
939eb9bd9a1ff5ac2981675a55dd7c8695ac00829a768c8bd422b96d5f86ff43	242	candidate-route-list.stdout.txt
e3b0c44298fc1c149afbf4c8996fb92427ae41e4649b934ca495991b7852b855	0	candidate-runtime-probe.stderr.txt
77c05dd0f6c8d65c27b1b98cf40b41075c12f8b2267293251352c401113a39bc	47731	candidate-runtime-probe.stdout.txt
e3b0c44298fc1c149afbf4c8996fb92427ae41e4649b934ca495991b7852b855	0	candidate-view-clear.stderr.txt
b2e2eb27fcff2963c249079c5e89fd2d27aec03b4f04a04a8558cfc8bfbc32ee	50	candidate-view-clear.stdout.txt
e3b0c44298fc1c149afbf4c8996fb92427ae41e4649b934ca495991b7852b855	0	cutover-artisan-down.stderr.txt
3c5cfdcedc620eec8281cb799dc1e0d02db502af9bbce7b5869d3e2edd7da83b	53	cutover-artisan-down.stdout.txt
e3b0c44298fc1c149afbf4c8996fb92427ae41e4649b934ca495991b7852b855	0	cutover-installed-schema-probe.stderr.txt
8afa665109b654359be7b784a7f9fcc8ae0a9b2ae3704f971916c17640f999e5	47436	cutover-installed-schema-probe.stdout.txt
8dc5952a5c9fe6cf88e1314d640f19c7baa739ef1c3e3fbaca25d51d1499131b	81970	cutover-installed-schema-receipt.json
65378368799bcdf3d38c2be6e06c847a3ebbf533051796eae628b7fbee1411c0	53091	cutover-preflight-receipt.json
e3b0c44298fc1c149afbf4c8996fb92427ae41e4649b934ca495991b7852b855	0	cutover-preflight-runtime-probe.stderr.txt
46b768938aa1418f1cfa82298da2ef5571e4500303f54d254f57cd121d861504	47436	cutover-preflight-runtime-probe.stdout.txt
2fdceb579aa8e0aa62c46d0b44b7a0efe95736f468889531f13cc605ad55ef57	39	cutover-static-gate.origin.body.txt
15b27f15f68bc358d446a76107159cfdb391ef01d5853be026f994e334211970	267	cutover-static-gate.origin.headers.txt
2fdceb579aa8e0aa62c46d0b44b7a0efe95736f468889531f13cc605ad55ef57	39	cutover-static-gate.public.body.txt
9eb74849d81190b382d620e57232d4d7dbe23614f73ff122592af2c0c0a3d02a	665	cutover-static-gate.public.headers.txt
7caeb0eb2e4b9024a56db2071977c0313435c29a7f8b4efd00168d34496af7f2	36879	database-backup-receipt.json
bc28fefe42d5ffc6e1f60e46f11071053455a75c4cd60a96ce00d3de33419d39	1304	database-before/migration-ledger.sql.gz
e3b0c44298fc1c149afbf4c8996fb92427ae41e4649b934ca495991b7852b855	0	database-before/migration-ledger.stderr.txt
f9b566347999ef7832a5fdf65b3197caf36dc408683e4ce11a23343bf3e1ca2d	4775	database-before/schema.sql.gz
e3b0c44298fc1c149afbf4c8996fb92427ae41e4649b934ca495991b7852b855	0	database-before/schema.stderr.txt
68137a15d088d0515274c7d989b9fa9976e41f0c22704915df181717fd52f4c9	13133	events.jsonl
51d3dd00639c3c35263df18ac69574580be2f37c6e9691c567dd9aeea8694553	67044	final-receipt.json
eba77cba39695b6bd091fe5211d481f7ebb2ce2d8d26230b5a609465d0a4aff9	543	front-controller-before.php
bc9e10185f0129fec4c508ea375dd9a1a3b5c253552b5b000ed97517b4d8b588	6302	laravel-log-delta.txt
e3b0c44298fc1c149afbf4c8996fb92427ae41e4649b934ca495991b7852b855	0	monitor-runtime-01.stderr.txt
3b35ef73def1a58462201f3a46d8b23875228e4750a03cb3ce369bba688bc850	47731	monitor-runtime-01.stdout.txt
e3b0c44298fc1c149afbf4c8996fb92427ae41e4649b934ca495991b7852b855	0	monitor-runtime-02.stderr.txt
60de5f9e04b6b9a4c16b493b8fbdeea50ea600be5ac31bffd772a587a60529dd	47731	monitor-runtime-02.stdout.txt
e3b0c44298fc1c149afbf4c8996fb92427ae41e4649b934ca495991b7852b855	0	monitor-runtime-03.stderr.txt
4205efc5ef89fce22222d507caf0759b7af79d9828542a5b5845f4cc1b09e745	47731	monitor-runtime-03.stdout.txt
e3b0c44298fc1c149afbf4c8996fb92427ae41e4649b934ca495991b7852b855	0	monitor-runtime-04.stderr.txt
898f9f3d04a58c261cd716e70db4448e9991a92d1de6b0353b62d41bfd07b8ba	47731	monitor-runtime-04.stdout.txt
e3b0c44298fc1c149afbf4c8996fb92427ae41e4649b934ca495991b7852b855	0	monitor-runtime-05.stderr.txt
a7a48bc86dcb10c6f0f413263747d0a69995cee96f202303227a9e5cd440ce92	47731	monitor-runtime-05.stdout.txt
e3b0c44298fc1c149afbf4c8996fb92427ae41e4649b934ca495991b7852b855	0	monitor-runtime-06.stderr.txt
126f427e06f31da00ec348af1b7dbbffd8d5910bcdde0eeff16ebe33c9933977	47731	monitor-runtime-06.stdout.txt
e3b0c44298fc1c149afbf4c8996fb92427ae41e4649b934ca495991b7852b855	0	monitor-runtime-07.stderr.txt
b52895d7da49a233fc63420209ff96d4229036e8431f62ddafa2991a7d7d429d	47731	monitor-runtime-07.stdout.txt
e3b0c44298fc1c149afbf4c8996fb92427ae41e4649b934ca495991b7852b855	0	monitor-runtime-08.stderr.txt
512cbb73bcbcef94fbeb4e453dd84d34300ea5f90a3f4bf6ada35bcc9e86e914	47731	monitor-runtime-08.stdout.txt
e3b0c44298fc1c149afbf4c8996fb92427ae41e4649b934ca495991b7852b855	0	monitor-runtime-09.stderr.txt
c0f0f105459a1fa94fa69377d71153111af5859ad59d72e0aa88035fec7a7cc2	47731	monitor-runtime-09.stdout.txt
e3b0c44298fc1c149afbf4c8996fb92427ae41e4649b934ca495991b7852b855	0	monitor-runtime-10.stderr.txt
12a12bd9c3c5f16a5c8fae5f3132944d69e23050c679b971836252ccc9337597	47731	monitor-runtime-10.stdout.txt
e3b0c44298fc1c149afbf4c8996fb92427ae41e4649b934ca495991b7852b855	0	monitor-runtime-11.stderr.txt
4d98fc26dc6cd7633f0da4a1272f192feffd48a489ce2888cf2a5a32610456fc	47731	monitor-runtime-11.stdout.txt
e3b0c44298fc1c149afbf4c8996fb92427ae41e4649b934ca495991b7852b855	0	monitor-runtime-12.stderr.txt
036e02737a4807e684f39eed3fa5158ce3d30da16c5ec484fb788c43746f1984	47731	monitor-runtime-12.stdout.txt
e3b0c44298fc1c149afbf4c8996fb92427ae41e4649b934ca495991b7852b855	0	monitor-runtime-13.stderr.txt
11662c24bb92e6e8268670652f73433f14ddd0d87ceed4da230f55066dd25b6b	47731	monitor-runtime-13.stdout.txt
e3b0c44298fc1c149afbf4c8996fb92427ae41e4649b934ca495991b7852b855	0	monitor-runtime-14.stderr.txt
a07c67dc9bd7a00ae58755f0ea8dd5c066aa0b7c55a17f3843680f2c65de5c4d	47731	monitor-runtime-14.stdout.txt
e3b0c44298fc1c149afbf4c8996fb92427ae41e4649b934ca495991b7852b855	0	monitor-runtime-15.stderr.txt
89562c705efe1222a367f26e883ca06695fef5e58341380df4a8ed401ff881aa	47731	monitor-runtime-15.stdout.txt
e3b0c44298fc1c149afbf4c8996fb92427ae41e4649b934ca495991b7852b855	0	monitor-runtime-16.stderr.txt
47ddcd5415e988e8bc7b1e09eaf50ffd6ebf611b0dc03d2c37d7ab7c74ed03b4	47731	monitor-runtime-16.stdout.txt
e3b0c44298fc1c149afbf4c8996fb92427ae41e4649b934ca495991b7852b855	0	monitor-runtime-17.stderr.txt
0442f4e1c71701765b3c78b61908b17b28455431806811579e7dc2c102a0d35e	47731	monitor-runtime-17.stdout.txt
e3b0c44298fc1c149afbf4c8996fb92427ae41e4649b934ca495991b7852b855	0	monitor-runtime-18.stderr.txt
b8c35d0eadd4f0dd0918488738b690f27dbbb8b1a557734cb3e7d32a36a065c9	47731	monitor-runtime-18.stdout.txt
e3b0c44298fc1c149afbf4c8996fb92427ae41e4649b934ca495991b7852b855	0	monitor-runtime-19.stderr.txt
15f0f8553784655dcfdf23377be98a030049596a807093cc393ce2baa85ee5d5	47731	monitor-runtime-19.stdout.txt
e3b0c44298fc1c149afbf4c8996fb92427ae41e4649b934ca495991b7852b855	0	monitor-runtime-20.stderr.txt
0d1f29e639d8114de277a9d8f74aa3cf4fb907ff7c73675a1de99a278ad9b741	47731	monitor-runtime-20.stdout.txt
e3b0c44298fc1c149afbf4c8996fb92427ae41e4649b934ca495991b7852b855	0	monitor-runtime-21.stderr.txt
270fca0a1c8aa80cf56eba71452613d99d2f3d75f99725b35fafafb3c9f31c13	47731	monitor-runtime-21.stdout.txt
e3b0c44298fc1c149afbf4c8996fb92427ae41e4649b934ca495991b7852b855	0	monitor-runtime-22.stderr.txt
c31f899aa830e0bade08ea9c396520f180aa8c646c7ee96789fbc3d99e3c5d6f	47731	monitor-runtime-22.stdout.txt
e3b0c44298fc1c149afbf4c8996fb92427ae41e4649b934ca495991b7852b855	0	monitor-runtime-23.stderr.txt
c54aafdfac3966a9b98673778a27c0ed47523b17ae033c6f7f2efa6e153c2e88	47731	monitor-runtime-23.stdout.txt
e3b0c44298fc1c149afbf4c8996fb92427ae41e4649b934ca495991b7852b855	0	monitor-runtime-24.stderr.txt
a5680e74b03bb7b3e3bb77382b539b9fe58d7ee0000b3dfab35020694c071b40	47731	monitor-runtime-24.stdout.txt
e3b0c44298fc1c149afbf4c8996fb92427ae41e4649b934ca495991b7852b855	0	monitor-runtime-25.stderr.txt
a1518948d80a48c0cf41fd7b75ee205ac62e28525e07f31b0b8db76e15ff7da6	47731	monitor-runtime-25.stdout.txt
e3b0c44298fc1c149afbf4c8996fb92427ae41e4649b934ca495991b7852b855	0	monitor-runtime-26.stderr.txt
6d9a83e1c753f797f984c5a765d033ba65a65025f0e6b496658d0a7a20556d79	47731	monitor-runtime-26.stdout.txt
e3b0c44298fc1c149afbf4c8996fb92427ae41e4649b934ca495991b7852b855	0	monitor-runtime-27.stderr.txt
f9ec070628c9799b5fef43afea789d6888dffc35ac28f01e6e46337ef5fef956	47731	monitor-runtime-27.stdout.txt
e3b0c44298fc1c149afbf4c8996fb92427ae41e4649b934ca495991b7852b855	0	monitor-runtime-28.stderr.txt
5a52e0279d75e6c46d3516ddde6b7d67a81d2d46021b11f83e72814cc0b08b0e	47731	monitor-runtime-28.stdout.txt
e3b0c44298fc1c149afbf4c8996fb92427ae41e4649b934ca495991b7852b855	0	monitor-runtime-29.stderr.txt
cca7e2afdada2b82158ad3b78ef7feecc909be012968ff78a0b1190216c854f1	47731	monitor-runtime-29.stdout.txt
e3b0c44298fc1c149afbf4c8996fb92427ae41e4649b934ca495991b7852b855	0	monitor-runtime-30.stderr.txt
c51a6eba3707b1c9f76981c72db846475e97ad879d8c2121632231ab75cd0c7e	47731	monitor-runtime-30.stdout.txt
af8dd5b81a331261e0ba72999fd7e38d7c0f7b7a7963b630cb14c634f0247685	92334	monitoring-samples.json
666b42533646e10b22642a0f1f8f83ee9a95f0b7871e65a23ed9a4c81941201c	1413	post-open-capability-1.body.json
2609b5ea4bb60df6b1de9cdbe87aa12cff0f07a35a9dc01db7257a6c1e17d921	580	post-open-capability-1.headers.txt
666b42533646e10b22642a0f1f8f83ee9a95f0b7871e65a23ed9a4c81941201c	1413	post-open-capability-2.body.json
4949fba12ab3ee34e4d5584d9eaa38a2407f14437c42eabf8baba4864012196f	576	post-open-capability-2.headers.txt
e3b0c44298fc1c149afbf4c8996fb92427ae41e4649b934ca495991b7852b855	0	post-open-runtime.stderr.txt
3b35ef73def1a58462201f3a46d8b23875228e4750a03cb3ce369bba688bc850	47731	post-open-runtime.stdout.txt
5dcb21c6e816fe9a48d950ef0e698aba9241b4455d37326d1d726ccfed3b6b67	1592	runtime-drain.json
d1ce319aabd06d17e019106320f4f586b7542ca4eb0648605058bede21fdec25	8883	source-backup-receipt.json
32d6c440e5e562b9247906e04264ba1e6640c5e6ab9796673d7c4d8d5ecc2428	19895	source-before/app/Helpers/ImageHelper.php
eed98d12a5c2a403eaa549bbbfaf59983a8914a4f5351439421ff77cf0f6babb	14384	source-before/app/Helpers/ProductionHelper.php
678693860d58e462a7bdcac913b90cdffc8c27c3512404d86173607f848bdd0c	7980	source-before/app/Http/Controllers/AccountController.php
b9ac752eb17b00db8bb6c4e93f12d8d5699f36725634d813bd92bc675ba2b9f0	20061	source-before/app/Http/Controllers/Admin/OrderController.php
eb9cf7027c3912cc4b0e41452fbff79729addc09f9a4ee921778adac23b0cfb8	11171	source-before/app/Http/Controllers/Api/IncomingOrderController.php
ec743f8d046df2b8b9354dfefbba9be422fef66a006575d30cbf6c1257cba3f1	32598	source-before/app/Http/Controllers/CartController.php
bd915ca439510528dc7f34c6253c9266f64bd0ead89c307ac5e17f54047949d9	7589	source-before/app/Models/DtfImage.php
69aa7ecf530f2106d378481abb1b9ea6f742e730e7b08624cefb77efec3960e1	27437	source-before/resources/views/admin/orders/production_order.blade.php
80a741e794338706680123ef6aa8f877f72879a989ce23345c52c72fcc2780b7	51797	source-before/resources/views/admin/orders/show.blade.php
f7a7593fb966e7176952b42226a5250ba7566c9e84bb0e8f8b8a999b66a924e7	316	source-before/routes/api.php
dbb1788b52c02be92a4fc39410b41e15de59ea708cf6ceb49a77c96a50c3b058	9541	source-before/routes/web.php
8c3030bee96dc7bab66977d67a8633c757eabcd92db0a678e909f6eb1ad0e692	24850	source-install-receipt.json
a6af7946abea33fe1af396dcbb9e2cd3525577fb893e35e5e9f307bc46e1b149	49355	state.json
